scenario_id,customer_id,customer_name,question,best_answer
S01,C001,Alice Kim,왜 아직도 ‘대기’예요? 주소도 수정했는데 반영도 안 돼서 화나요!,"안녕하세요, Alice Kim 고객님. 배송 지원 담당 이성재입니다.\n\n주문하신 [Product J352] (주문번호 O001) 건을 확인한 결과 현재 ‘배송 대기’ 상태에서 새 주소가 아직 시스템에 반영되지 않은 것으로 확인되었습니다. 불편을 드려 죄송합니다.\n\n✅ 조치 계획\n1. 주소 즉시 수정 (10분 이내 완료)\n2. 택배사 재배정 및 운송장 발급 (오늘 16시 전)\n3. 처리 현황 알림 문자/이메일 발송\n\n배송을 최대한 빠르게 재개하겠습니다. 추가 문의사항이 있으면 언제든 말씀해주세요."
S02,C002,Bob Lee,배송이 늦어지는지 확인 부탁드려요.,"Bob Lee 고객님, 안녕하세요. 요청 주신 [Product I586] (주문번호 O002) 건을 조회한 결과 오늘 새벽 물류센터를 출발해 금일 오후 ‘출고 완료’로 전환될 예정입니다. 현재까지 추가 지연 징후는 없으니 안심하셔도 됩니다. 운송장 발급 즉시 문자로 알려드리겠습니다. 감사합니다."
S03,C003,Cathy Park,주소를 바꿨는데 시스템엔 안 뜨네요. 괜찮을까요?,"안녕하세요, Cathy Park 고객님. 새 주소 반영 여부가 걱정되실 것 같아 바로 확인했습니다.\n[Product I404] (주문번호 O003) 건은 ‘출고 준비’ 단계이며, 지금이라도 주소 변경을 적용할 수 있습니다. 방금 시스템에 새 주소를 반영했으며, 택배사에도 동일 정보를 전달했습니다. 추가 확인이 필요하시면 언제든 문의해주세요."
S04,C004,David Choi,제 주문 어디쯤 왔나요?,"David Choi 고객님, [Product Z277] (주문번호 O004) 의 현재 위치는 ‘○○물류허브’이며 내일 오전 지역 물류센터 도착 예정입니다. 실시간 위치는 발급된 운송장 링크에서 확인 가능합니다. 궁금한 점이 있으면 알려주세요!"
S05,C005,Eunji Han,운송장이 조회가 안 돼요. 뭔가 오류죠?,"안녕하세요, Eunji Han 고객님. 송장 조회 오류로 불편을 드려 죄송합니다.\n시스템 상 [Product L464] (주문번호 O005) 의 운송장 번호가 정상 발급되었으나 택배사 서버 반영에 최대 2‑3시간 지연이 발생할 수 있습니다. 조금 뒤 다시 조회해보시고, 계속 오류가 지속되면 재발급 절차를 진행하겠습니다."
S06,C006,Frank Seo,도착했다고 뜨는데 못 받았어요.,"Frank Seo 고객님, 배송 완료 표기에도 상품을 받지 못하셨다니 걱정이 크셨을 것 같습니다.\n물류사에 즉시 조사 요청을 넣어 두었고, 배달 기사님 확인 후 2시간 이내 연락 드리겠습니다. 필요 시 재배송 또는 환불까지 책임지고 처리해 드리겠습니다."
S07,C007,Grace Lim,날씨 때문에 지연이라던데 언제 받아요? 급해요!,"안녕하세요, Grace Lim 고객님. 기상 악화로 배송이 지연된 점 양해 부탁드립니다.\n[Product R468] (주문번호 O007) 는 현재 허브 터미널 대기 중이며, 예상 출고일은 기상 호전 후인 내일 오전입니다. 지연 상황을 하루 2회 문자로 안내드리겠습니다."
S08,C008,Henry Kang,아직 준비 중이면 주소 바꿀 수 있나요?,"Henry Kang 고객님, 주문 상태가 ‘준비 중’일 경우 주소 변경이 가능합니다. 새 주소를 등록해 주시면 즉시 반영하고, 변경 완료 후 문자로 안내드리겠습니다."
S09,C009,Irene Moon,취소했는데 아직 ‘준비’로 떠요. 시스템 오류죠?,"Irene Moon 고객님, 주문 취소가 정상 처리된 것을 확인했으며, 시스템 표시가 ‘준비’ 단계로 남아 있어 혼란을 드렸습니다. 표시 오류를 수정했으며 결제 환불은 영업일 기준 1‑3일 내 완료됩니다."
S10,C010,Jin Park,‘대기’인데 주소 바꿨거든요. 더 늦어질까봐 불안해요.,"Jin Park 고객님, 주소 변경으로 인해 추가 지연이 발생할까 걱정되실 것 같습니다.\n확인 결과 ‘배송 대기’ 단계이므로 새 주소가 정상 반영되었고 추가 지연은 없을 전망입니다. 출고·배송 일정은 평소와 동일하게 진행될 예정이니 안심해 주세요. 변동 사항 발생 시 바로 알려드리겠습니다."
